﻿{
  "assembly": [
    "jQueryTreeTable.dll"
  ],
  "javascript": [
    "Resources/jQueryTreeTable.js",
    "Resources/jquery.treetable.js"
  ],
    "css": [
        "Resources/jquery.treetable.css",
        "Resources/jquery.treetable.theme.default.css",
        "Resources/screen.css"
    ],
  "image": "Resources/PluginLogo.png",
  "description": "该插件可以与表绑定，配置字段的相关选项后，可以将表展示为树型表的样式",
  "name": "jQueryTreeTable",
  "pluginType": "cellType",
  "guid": "8709a6fa-e359-4624-a87e-41018ed2df51",
  "version": "1.0.0.0",
  "dependenceVersion": "6.0.102.0"
}
